[
	{
		"type": "ChangeOneKeyToModifier",
		"description": "默认的示例规则：将空格键与其它键组合使用时，起到Ctrl键的作用，单独按下还是Space",
		"from": [
			"Space"
		],
		"toModifiers": [
			"ControlLeft"
		],
		"toKey": "Space"
	},
	{
		"type": "ChangeOneKeyToModifier",
		"description": "将Caps与其它键组合使用时，起到Alt键的作用，单独释放是Escape",
		"from": [
			"CapsLock"
		],
		"toModifiers": [
			"AltLeft"
		],
		"toKey": "Escape"
	},
	{
		"type": "ChangeOneKeyToModifier",
		"description": "将return与其它键组合使用时，起到alt键的作用，单独释放还是return",
		"from": [
			"Enter"
		],
		"toModifiers": [
			"AltLeft"
		],
		"toKey": "Enter"
	},
	{
		"type": "TwoKeysToTrigger",
		"description": "J+K切换输入法",
		"from": [
			"KeyJ",
			"KeyK"
		],
		"toModifiers": [
			"ControlLeft"
		],
		"toKey": "Space"
	},
	{
		"type": "TwoKeysToTrigger",
		"description": "U + I 触发 CapsLock",
		"from": [
			"KeyU",
			"KeyI"
		],
		"toModifiers": [
		],
		"toKey": "CapsLock"
	},
	{
		"type": "TwoKeysToTrigger",
		"description": "C+V触发Chrome",
		"from": [
			"KeyC",
			"KeyV"
		],
		"toModifiers": [
			"ControlLeft",
			"ShiftLeft",
			"AltLeft"
		],
		"toKey": "Digit1"
	},
	{
		"type": "TwoKeysToTrigger",
		"description": "Space + J 触发截图快捷键",
		"from": [
			"KeyJ",
			"Space"
		],
		"toModifiers": [
			"MetaLeft",
			"ShiftLeft"
		],
		"toKey": "KeyS"
	},
	{
		"type": "ChangeKeyboardLayer",
		"description": "S按下去，改层为1",
		"from": [
			"KeyS"
		],
		"toKey": "KeyS",
		"toLayerIfDown": 1
	},
	{
		"type": "InKeyboardLayer",
		"description": "S按下不放，再按H，输出Home",
		"from": [
			"KeyH"
		],
		"toKey": "Home",
		"inLayer": 1
	},
	{
		"type": "InKeyboardLayer",
		"description": "S按下不放，再按J，输出PageDown",
		"from": [
			"KeyJ"
		],
		"toKey": "PageDown",
		"inLayer": 1
	},
	{
		"type": "InKeyboardLayer",
		"description": "S按下不放，再按K，输出PageUp",
		"from": [
			"KeyK"
		],
		"toKey": "PageUp",
		"inLayer": 1
	},
	{
		"type": "InKeyboardLayer",
		"description": "S按下不放，再按L，输出End",
		"from": [
			"KeyL"
		],
		"toKey": "End",
		"inLayer": 1
	},
	{
		"type": "InKeyboardLayer",
		"description": "S按下不放，再按Space，输出Backspace",
		"from": [
			"Space"
		],
		"toKey": "Backspace",
		"inLayer": 1
	},
	{
		"type": "InKeyboardLayer",
		"description": "S按下不放，再按M，静音（VolumeMute）",
		"from": [
			"KeyM"
		],
		"toKey": "VolumeMute",
		"inLayer": 1
	},
	{
		"type": "InKeyboardLayer",
		"description": "S按下不放，再按逗号（，），音量变小",
		"from": [
			"Comma"
		],
		"toKey": "VolumeDown",
		"inLayer": 1
	},
	{
		"type": "InKeyboardLayer",
		"description": "S按下不放，再按点号（。），音量变大",
		"from": [
			"Period"
		],
		"toKey": "VolumeUp",
		"inLayer": 1
	},
	{
		"type": "ChangeKeyboardLayer",
		"description": "D按下去，改层为2",
		"from": [
			"KeyD"
		],
		"toKey": "KeyD",
		"toLayerIfDown": 2
	},
	{
		"type": "InKeyboardLayer",
		"description": "D按下不放，再按H，输出Left",
		"from": [
			"KeyH"
		],
		"toKey": "ArrowLeft",
		"inLayer": 2
	},
	{
		"type": "InKeyboardLayer",
		"description": "D按下不放，再按J，输出Down",
		"from": [
			"KeyJ"
		],
		"toKey": "ArrowDown",
		"inLayer": 2
	},
	{
		"type": "InKeyboardLayer",
		"description": "D按下不放，再按K，输出Up",
		"from": [
			"KeyK"
		],
		"toKey": "ArrowUp",
		"inLayer": 2
	},
	{
		"type": "InKeyboardLayer",
		"description": "D按下不放，再按L，输出Right",
		"from": [
			"KeyL"
		],
		"toKey": "ArrowRight",
		"inLayer": 2
	},
	{
		"type": "InKeyboardLayer",
		"description": "D按下不放，再按分号（；），等于按下菜单键（ContextMenu）",
		"from": [
			"Semicolon"
		],
		"toKey": "ContextMenu",
		"inLayer": 2
	},
	{
		"type": "InKeyboardLayer",
		"description": "D按下不放，再按Space，输出Delete键",
		"from": [
			"Space"
		],
		"toKey": "Delete",
		"inLayer": 2
	},
	{
		"type": "InKeyboardLayer",
		"description": "D按下不放，再按Q，退出（Quit）程序的快捷键：Alt + F4",
		"from": [
			"KeyQ"
		],
		"toKey": "F4",
		"toModifiers": [
			"AltLeft"
		],
		"inLayer": 2
	}
]
