[
	{
		"type": "ChangeOneKeyToModifier",
		"description": "将 Space 与其它键组合使用时，起到 Ctrl 键的作用，单独按下是 Space",
		"from": [
			"Space"
		],
		"toModifiers": [
			"ControlLeft"
		],
		"toKey": "Space"
	},
	{
		"type": "ChangeOneKeyToModifier",
		"description": "将 Caps 与其它键组合使用时，起到 Alt 键的作用，单独按下是 Escape（非 Caps）",
		"from": [
			"CapsLock"
		],
		"toModifiers": [
			"AltLeft"
		],
		"toKey": "Escape"
	},
	{
		"type": "ChangeOneKeyToModifier",
		"description": "将 return 与其它键组合使用时，起到 alt 键的作用，单独按下是 return",
		"from": [
			"Enter"
		],
		"toModifiers": [
			"AltLeft"
		],
		"toKey": "Enter"
	},
	{
		"type": "ChangeOneKeyToModifier",
		"description": "将分号（；）与其它键组合使用时，起到 Control + Shift + Alt 键的作用，单独按下是分号（；）",
		"from": [
			"Semicolon"
		],
		"toModifiers": [
			"ControlLeft",
			"ShiftLeft",
			"AltLeft"
		],
		"toKey": "Semicolon"
	},
	{
		"type": "TwoKeysToTrigger",
		"description": "J + K 同时按，映射到 Win + Space，切换输入法（假设切换输入已经在系统里面设置为 Win + Space）",
		"from": [
			"KeyJ",
			"KeyK"
		],
		"toModifiers": [
			"MetaLeft"
		],
		"toKey": "Space"
	},
	{
		"type": "TwoKeysToTrigger",
		"description": "U + I 同时按，映射到 CapsLock",
		"from": [
			"KeyU",
			"KeyI"
		],
		"toModifiers": [
		],
		"toKey": "CapsLock"
	},
	{
		"type": "TwoKeysToTrigger",
		"description": "Chrome 的首字母 C + V 同时按，映射到 Ctrl + Shift + Alt + 1，再由 AutoHotKey 切换到 Chrome 浏览器",
		"from": [
			"KeyC",
			"KeyV"
		],
		"toModifiers": [
			"ControlLeft",
			"ShiftLeft",
			"AltLeft"
		],
		"toKey": "Digit1"
	},
	{
		"type": "TwoKeysToTrigger",
		"description": "微信（WeChat）的首字母 W + E 同时按，映射到 Ctrl + Shift + Alt + 2，再由 AutoHotKey 切换到微信",
		"from": [
			"KeyW",
			"KeyE"
		],
		"toModifiers": [
			"ControlLeft",
			"ShiftLeft",
			"AltLeft"
		],
		"toKey": "Digit2"
	},
	{
		"type": "TwoKeysToTrigger",
		"description": "记事本（Notepad）的首字母 N + Space 同时按，映射到 Ctrl + Shift + Alt + 3，再由 AutoHotKey 切换到记事本",
		"from": [
			"Space",
			"KeyN"
		],
		"toModifiers": [
			"ControlLeft",
			"ShiftLeft",
			"AltLeft"
		],
		"toKey": "Digit3"
	},
	{
		"type": "TwoKeysToTrigger",
		"description": "最大化（Maximize）窗口的首字母 M + 逗号（,）同时按，映射到 F13，再由 AutoHotKey 窗口最大化",
		"from": [
			"KeyM",
			"Comma"
		],
		"toModifiers": [
		],
		"toKey": "F13"
	},
	{
		"type": "TwoKeysToTrigger",
		"description": "文件（File）资源管理器的首字母 F + Space 同时按，映射到 F14，再由 AutoHotKey 切换到文件资源管理器",
		"from": [
			"KeyF",
			"Space"
		],
		"toModifiers": [
		],
		"toKey": "F14"
	},
	{
		"type": "TwoKeysToTrigger",
		"description": "朗读（Speak）英语的首字母 S + D 同时按，映射到 F15，再由 AutoHotKey 朗读被选中的英语单词或者句子，段落",
		"from": [
			"KeyS",
			"KeyD"
		],
		"toModifiers": [
		],
		"toKey": "F15"
	},
	{
		"type": "TwoKeysToTrigger",
		"description": "截（Jie）图的首字母 J + Space 同时按，映射到 Windows 默认的截图快捷键 Win + Shift + S",
		"from": [
			"KeyJ",
			"Space"
		],
		"toModifiers": [
			"MetaLeft",
			"ShiftLeft"
		],
		"toKey": "KeyS"
	},
	{
		"type": "ChangeKeyboardLayer",
		"description": "S 键按下去，键盘层从 0 层跳到 1 层，S 键释放又切回到默认的 0 层",
		"from": [
			"KeyS"
		],
		"toKey": "KeyS",
		"toLayerIfDown": 1
	},
	{
		"type": "InKeyboardLayer",
		"description": "S 键按下不放时，键盘层为 1，此时再按下 H 键，输出 Home 键，而不是 H",
		"from": [
			"KeyH"
		],
		"toKey": "Home",
		"inLayer": 1
	},
	{
		"type": "InKeyboardLayer",
		"description": "S 键按下不放时，键盘层为 1，此时再按下 J 键，输出 PageDown 键，而不是 J",
		"from": [
			"KeyJ"
		],
		"toKey": "PageDown",
		"inLayer": 1
	},
	{
		"type": "InKeyboardLayer",
		"description": "S 键按下不放时，键盘层为 1，此时再按下 K 键，输出 PageUp 键，而不是 K",
		"from": [
			"KeyK"
		],
		"toKey": "PageUp",
		"inLayer": 1
	},
	{
		"type": "InKeyboardLayer",
		"description": "S 键按下不放时，键盘层为 1，此时再按下 L 键，输出 End 键，而不是 L",
		"from": [
			"KeyL"
		],
		"toKey": "End",
		"inLayer": 1
	},
	{
		"type": "InKeyboardLayer",
		"description": "S 键按下不放时，键盘层为 1，此时再按下全屏（Full Screen）的首字母 F 键，输出全屏的快捷键 F11 ，而不是 F",
		"from": [
			"KeyF"
		],
		"toKey": "F11",
		"inLayer": 1
	},
	{
		"type": "InKeyboardLayer",
		"description": "S 键按下不放时，键盘层为 1，此时再按下显示桌面（Show Desktop）中的字母 D 键，输出显示桌面的快捷键 Win + D ，而不是 D",
		"from": [
			"KeyD"
		],
		"toModifiers": [
			"MetaLeft"
		],
		"toKey": "KeyD",
		"inLayer": 1
	},
	{
		"type": "InKeyboardLayer",
		"description": "S 键按下不放时，键盘层为 1，此时再按下 Space 键，输出 Backspace 键，而不是 Space",
		"from": [
			"Space"
		],
		"toKey": "Backspace",
		"inLayer": 1
	},
	{
		"type": "InKeyboardLayer",
		"description": "S 键按下不放时，键盘层为 1，此时再按下静音（Mute）的首字母 M 键，输出静音键，而不是 M",
		"from": [
			"KeyM"
		],
		"toKey": "VolumeMute",
		"inLayer": 1
	},
	{
		"type": "InKeyboardLayer",
		"description": "S 键按下不放时，键盘层为 1，此时再按下逗号（，）键，输出音量变小（VolumeDown）键，而不是逗号（，）",
		"from": [
			"Comma"
		],
		"toKey": "VolumeDown",
		"inLayer": 1
	},
	{
		"type": "InKeyboardLayer",
		"description": "S 键按下不放时，键盘层为 1，此时再按下点号（。）键，输出音量变大（VolumeUp）键，而不是点号（。）",
		"from": [
			"Period"
		],
		"toKey": "VolumeUp",
		"inLayer": 1
	},
	{
		"type": "ChangeKeyboardLayer",
		"description": "D 键按下去，键盘层从 0 层跳到 2 层，D 键释放又切回到默认的 0 层",
		"from": [
			"KeyD"
		],
		"toKey": "KeyD",
		"toLayerIfDown": 2
	},
	{
		"type": "InKeyboardLayer",
		"description": "D 键按下不放时，键盘层为 2，此时再按下 H 键，输出 Left 键，而不是 H",
		"from": [
			"KeyH"
		],
		"toKey": "ArrowLeft",
		"inLayer": 2
	},
	{
		"type": "InKeyboardLayer",
		"description": "D 键按下不放时，键盘层为 2，此时再按下 J 键，输出 Down 键，而不是 J",
		"from": [
			"KeyJ"
		],
		"toKey": "ArrowDown",
		"inLayer": 2
	},
	{
		"type": "InKeyboardLayer",
		"description": "D 键按下不放时，键盘层为 2，此时再按下 K 键，输出 Up 键，而不是 K",
		"from": [
			"KeyK"
		],
		"toKey": "ArrowUp",
		"inLayer": 2
	},
	{
		"type": "InKeyboardLayer",
		"description": "D 键按下不放时，键盘层为 2，此时再按下 L 键，输出 Right 键，而不是 L",
		"from": [
			"KeyL"
		],
		"toKey": "ArrowRight",
		"inLayer": 2
	},
	{
		"type": "InKeyboardLayer",
		"description": "D 键按下不放时，键盘层为 2，此时再按下分号（；）键，输出菜单键（ContextMenu）键，而不是分号（；）",
		"from": [
			"Semicolon"
		],
		"toKey": "ContextMenu",
		"inLayer": 2
	},
	{
		"type": "InKeyboardLayer",
		"description": "D 键按下不放时，键盘层为 2，此时再按下 Space 键，输出 Delete 键，而不是 Space",
		"from": [
			"Space"
		],
		"toKey": "Delete",
		"inLayer": 2
	},
	{
		"type": "InKeyboardLayer",
		"description": "D 键按下不放时，键盘层为 2，此时再按下退出（Quit）的 首字母 Q 键，输出退出程序的快捷键：Alt + F4，而不是 Q",
		"from": [
			"KeyQ"
		],
		"toKey": "F4",
		"toModifiers": [
			"AltLeft"
		],
		"inLayer": 2
	},
	{
		"type": "InKeyboardLayer",
		"description": "D 键按下不放时，键盘层为 2，此时再按下 Y 键，输出 Ctrl + Shift + Left，而不是 Y，从光标处向前选一个单词",
		"from": [
			"KeyY"
		],
		"toKey": "ArrowLeft",
		"toModifiers": [
			"ControlLeft",
			"ShiftLeft"
		],
		"inLayer": 2
	},
	{
		"type": "InKeyboardLayer",
		"description": "D 键按下不放时，键盘层为 2，此时再按下 U 键，输出 Shift + Home，而不是 U，从光标处向前选到行首",
		"from": [
			"KeyU"
		],
		"toKey": "Home",
		"toModifiers": [
			"ShiftLeft"
		],
		"inLayer": 2
	},
	{
		"type": "InKeyboardLayer",
		"description": "D 键按下不放时，键盘层为 2，此时再按下 I 键，输出 Ctrl + Shift + Right，而不是 I，从光标处向后选一个单词",
		"from": [
			"KeyI"
		],
		"toKey": "ArrowRight",
		"toModifiers": [
			"ShiftLeft",
			"ControlLeft"
		],
		"inLayer": 2
	},
	{
		"type": "InKeyboardLayer",
		"description": "D 键按下不放时，键盘层为 2，此时再按下 O 键，输出 Shift + End，而不是 O，从光标处向后选到行尾",
		"from": [
			"KeyO"
		],
		"toKey": "End",
		"toModifiers": [
			"ShiftLeft"
		],
		"inLayer": 2
	}
]
